{"cameraMode":{"drawMode":0,"name":"Shaded","section":"Shading Mode"},"sceneLighting":true,"audioPlay":false,"sceneViewState":{"m_AlwaysRefresh":true,"showFog":false,"showSkybox":false,"showFlares":false,"showImageEffects":true,"showParticleSystems":true,"showVisualEffectGraphs":true,"m_FxEnabled":true},"in2DMode":false,"pivot":{"x":2.712733745574951,"y":-0.8099348545074463,"z":-3.727329730987549},"rotation":{"x":0.04506507143378258,"y":0.9539501070976257,"z":-0.18633224070072175,"w":0.23071564733982087},"size":3.5140771865844728,"orthographic":false}