{"cameraMode":{"drawMode":0,"name":"Shaded","section":"Shading Mode"},"sceneLighting":false,"audioPlay":false,"sceneViewState":{"m_AlwaysRefresh":true,"showFog":false,"showSkybox":false,"showFlares":false,"showImageEffects":true,"showParticleSystems":true,"showVisualEffectGraphs":true,"m_FxEnabled":true},"in2DMode":false,"pivot":{"x":0.011499166488647461,"y":1.7682266235351563,"z":0.35400712490081789},"rotation":{"x":0.020196326076984407,"y":-0.9503003358840942,"z":0.3042999505996704,"w":0.06309524178504944},"size":3.5511748790740969,"orthographic":false}